brand,title,start_time,distance,volume,gear,tag,price
奔驰, GLE级 2018款 GLE 400 4MATIC 臻藏版,2018年,2.4万公里,3.0升,自动,,69.8
玛莎拉蒂, Ghibli 2017款 3.0T 标准版,2018年,1.5万公里,3.0升,自动,高配,72.5
林肯, 大陆 2017款 3.0T 四驱尊耀版,2017年,3.71万公里,3.0升,自动,,36.88
日产, 奇骏 2010款 2.5L CVT豪华版 4WD,2011年,9万公里,2.5升,自动,,8.3
奔驰, GLK级 2013款 改款 GLK 300 4MATIC 时尚型,2014年,8.9万公里,3.0升,自动,,23.5
路虎, 揽胜 2018款 3.0 V6 SC Vogue 传世版,2018年,3.5万公里,3.0升,自动,,116.8
奔驰, S级 2006款 S350 3.5 手自一体 V6 豪华型,2006年,26.8万公里,3.5升,自动,,14.8
开瑞, 优劲EV 2018款 优劲EV 舒适型箱货,2018年,0.2万公里,纯电动,自动,,5.8
保时捷, Panamera 2017款 Panamera 4 Sport Turismo 3.0T,2018年,1.1万公里,3.0升,自动,,115.6
路虎, 揽胜 2018款 3.0 V6 SC Vogue 传世加长版,2018年,2.48万公里,3.0升,自动,,132.8
奔驰, C级 2015款 改款 C 180 L 运动型,2015年,5.9万公里,1.6升,自动,,21.7
保时捷, Cayenne 2019款 Coupé 3.0T,2019年,0.14万公里,3.0升,自动,,125.8
奔驰, C级(进口) 2017款 改款 C 200 轿跑版,2018年,2.05万公里,2.0升,自动,,32.2
大众, 迈腾 2012款 改款 1.8TSI 领先型,2013,5.68万公里,1.8升,自动,,15
大众, 捷达 2015款 1.6L 手动舒适型,2016,7.87万公里,1.6升,手动,,10.5
奔驰, AMG 2017款 AMG GLE 43 4MATIC 轿跑SUV,2018年,3.5万公里,3.0升,自动,,72.8
WEY, VV7 2017款 VV7c 旗舰型,2018年,1万公里,2.0升,自动,,13.5
雷克萨斯, LS 2018款 LS 500h 豪华版,2018年,0.34万公里,3.5升,自动,,93.8
大众, POLO 2007款 1.4 手动 时尚运动版,2007年,10万公里,1.4升,手动,,1.58
丰田, 陆地巡洋舰(进口) 2014款 4.0 自动 顶配 四驱,2016年,9万公里,4.0升,自动,高配,54.2
奔驰, CLA级 2014款 CLA 260 4MATIC,2014年,6.5万公里,2.0升,自动,高配,19.5
道奇, 公羊 2011款 5.7 手自一体 1500 Laramie Longhorn,2012年,8.7万公里,5.7升,自动,高配,22
别克, GL8 2004款 3.0L CT2 舒适版,2004年,14万公里,3.0升,自动,,0.98
奔驰, G级 2013款 G 500,2013年,6.6万公里,5.5升,自动,高配,88.88
奔驰, GLE级 2017款 GLE 400 4MATIC 轿跑SUV,2017年,1.7万公里,3.0升,自动,,68.8
大众, 凯路威 2017款 2.0TSI 四驱豪华版 7座,2019年,0.2万公里,2.0升,自动,高配,48.8
丰田, 威驰 2005款 1.3L GL MT,2005年,19万公里,1.3升,手动,,0.56
雷克萨斯, IS 2011款 250C 2.5L 自动 硬顶,2012年,6万公里,2.5升,自动,高配,21.5
日产, 天籁 2008款 公爵 2.5L XV尊雅版,2009年,17万公里,2.5升,自动,,5.5
风行, 菱智 2016款 V3 1.5 手动 豪华型7座,2016年,7万公里,1.5升,手动,,3.36
奔驰, CLA级 2016款 CLA 220 4MATIC,2016年,3万公里,2.0升,自动,,22.38
华颂, 7 2015款 2.0T 自动 旗舰型,2017年,4.5万公里,2.0升,自动,高配,14
奔驰, C级 2017款 改款 C 200 L 运动版,2017年,3万公里,2.0升,自动,,27.9
劳斯莱斯, 库里南 2018款 五座版,2019年,0.8万公里,6.7升,自动,,650
大众, 桑塔纳志俊 2008款 1.8L 手动 豪华型,2010年,12万公里,1.8升,手动,,1.7
宝马, 5系 2013款 525Li 豪华型,2013年,13万公里,2.0升,自动,,20.8
福特, 福克斯两厢 2012款 两厢经典 1.8L 自动时尚型,2012年,8万公里,1.8升,自动,,3.8
本田, 雅阁 2018款 230TURBO 舒适版 国VI,2018年,1.3万公里,1.5升,自动,,12.88
大众, 帕萨特 2005款 1.8T 手动天窗型,2005年,15万公里,1.8升,手动,,0.9
林肯, 领航员 2016款 3.5T AWD,2016年,4万公里,3.5升,自动,高配,48.5
奔驰, 唯雅诺Viano 2006款 Viano 3.2L,2007年,9.9万公里,3.2升,自动,高配,9.72
江铃, 经典全顺 2013款 VE83柴油 长轴 多功能 中顶 10座 高功率版,2015年,6.8万公里,2.8升,手动,,8.25
奔驰, CLS级 2016款 CLS 260 猎装版,2016年,4.4万公里,2.0升,自动,,53.5
路虎, 揽胜 2018款 3.0 V6 SC Vogue 传世加长版,2018年,5万公里,3.0升,自动,,109
斯柯达, 昕动 2016款 1.4TSI DSG智行版,2016年,3万公里,1.4升,自动,高配,16.8
宾利, 欧陆 2016款 4.0T GT V8 S 标准版,2016年,2.9万公里,4.0升,自动,,172.8
路虎, 揽胜 2017款 5.0 V8 SC AB 尊崇创世加长版,2018年,4万公里,5.0升,自动,,123
奔驰, R级 2015款 R 400 4MATIC 商务型,2015年,15万公里,3.0升,自动,,35.5
奔驰, E级 2017款 改款 E 200 运动型 4MATIC,2017年,3万公里,2.0升,自动,,33.9
路虎, 揽胜 2014款 5.0 V8 SC AB 尊崇创世加长版,2014年,8.4万公里,5.0升,自动,,93.8
奔驰, R级 2015款 R 320 4MATIC 豪华型,2016年,5.5万公里,3.0升,自动,,34.5
奔驰, C级 2018款 C 200 运动版,2017年,2.7万公里,2.0升,自动,,25.5
林肯, MKC 2019款 MKC 2.0T 四驱尊耀版 国V,2018年,1.3万公里,2.0升,自动,,26.88
福特, 福克斯三厢 2012款 三厢 1.6L 手动舒适型,2012年,6万公里,1.6升,手动,,2.4
马自达, 6 2012款 2.0L 自动时尚型,2012年,8万公里,2.0升,自动,,5.9
丰田, 兰德酷路泽 2016款 4.0L 自动 4000 中东版 停产,2017年,7万公里,4.0升,自动,,62.8
别克, 君越 2006款 2.4 自动 舒适型,2006年,20万公里,2.4升,自动,,0.99
别克, GL8 2014款 2.4L CT豪华商务舒适版,2016年,3.6万公里,2.4升,自动,,18.68
保时捷, Cayenne 2007款 Cayenne 3.6L,2007年,8万公里,3.6升,自动,,15
日产, 颐达 2006款 1.6 手动 J 时尚型,2006年,18万公里,1.6升,手动,,1
日产, 骊威 2010款 劲锐版 1.6L 自动智能高配型,2011年,13万公里,1.6升,自动,,4.3
宝马, 7系 2018款 M760Li xDrive 卓越奢华版,2018年,0.6万公里,6.6升,自动,高配,168
丰田, 雅力士 2010款 GS 1.6 自动 锐动版,2010年,10万公里,1.6升,自动,高配,3.1
丰田, 兰德酷路泽 2010款 4.7L 自动VX,2010年,16万公里,4.7升,自动,,45
奔驰, R级 2014款 R 320 4MATIC 商务型,2014年,12.5万公里,3.0升,自动,,29.86
现代, 悦动 2007款 1.6 手动,2008年,12万公里,1.6升,手动,,1.2
路虎, 发现 2017款 3.0 V6 SE,2017年,3.9万公里,3.0升,自动,,49.8
大众, CC 2019款 CC 380TSI 曜颜版,2018年,0.4万公里,2.0升,自动,,24
大众, 路坦 2010款 3.8 自动 豪华型,2010年,5.6万公里,3.8升,自动,,18.5
别克, 君越 2010款 3.0L旗舰版,2011年,9.5万公里,3.0升,自动,高配,7.8
别克, 凯越 2007款 LE 1.8 手动 舒适版,2008年,13万公里,1.8升,手动,,1
奥迪, A8L 2014款 A8L 45 TFSI quattro舒适型,2014年,8万公里,3.0升,自动,,38.8
奥迪, A7 2018款 50 TFSI quattro 动感型,2018年,1.25万公里,3.0升,自动,高配,58.5
沃尔沃, V90 2019款 V90 Cross Country T5 AWD 智尊版,2018年,2.1万公里,2.0升,自动,,42.98
奥迪, RS 6 2016款 RS 6 4.0T Avant,2018年,1.7万公里,4.0升,自动,高配,113
宝马, X1 2014款 sDrive18i 领先型,2014年,7.7万公里,2.0升,自动,,15.28
别克, 凯越 2008款 1.6LEATNavi,2009年,8万公里,1.6升,自动,,2.2
大众, 途锐 2007款 3.6L 顶级型,2009年,11.4万公里,3.6升,自动,,17.98
江铃, 途睿欧 2017款 途睿欧 2.0T 自动 精睿版,2017年,2万公里,2.0升,自动,,16.8
马自达, 6 2012款 2.0L 自动超豪华型,2013年,7.53万公里,2.0升,自动,高配,6.4
别克, 君越 2012款 2.4L SIDI雅致版,2012年,8.7万公里,2.4升,自动,,6.5
奥迪, S3 2017款 改款 S3 2.0T Limousine,2018年,0.3万公里,2.0升,自动,高配,28.5
雪铁龙, C5 2011款 东方之旅 2.3L 自动尊贵型,2011年,9.5万公里,2.3升,自动,,4.99
大众, 途锐 2005款 4.2 手自一体 四驱顶配版,2004年,11.8万公里,4.2升,自动,,11.8
现代, 新胜达 2010款 2.4 手自一体 7座四驱豪华版,2010年,9万公里,2.4升,自动,,7.28
奔驰, E级 2007款 E 280 时尚型,2007年,8.5万公里,3.0升,自动,,6.85
奔驰, AMG 2014款 AMG C 63 Coupe Edition 507,2014年,6.8万公里,6.2升,自动,,52.5
奔驰, AMG 2015款 AMG GT S,2017年,1.1万公里,4.0升,自动,,118.8
奔驰, G级 2017款 G 500,2018年,0.9万公里,4.0升,自动,,155.5
丰田, 埃尔法 2012款 3.5L 豪华版,2012年,12万公里,3.5升,自动,,36.8
雷克萨斯, ES 2006款 350 3.5 手自一体 豪华版,2007年,11万公里,3.5升,自动,高配,12.6
雪铁龙, 凯旋 2006款 2.0L 自动尊贵型,2006年,11万公里,2.0升,自动,,1.27
风行, 菱智 2018款 M5L 1.6L 手动豪华型 7座,2018年,3万公里,1.6升,手动,,6.45
宝马, X1(进口) 2012款 sDrive18i 豪华型,2014年,7.6万公里,2.0升,自动,,14.28
奥迪, A6 2002款 1.8T 手自一体 基本型,2002年,18万公里,1.8升,自动,,0.9
起亚, 赛拉图 2007款 1.8L MT TOP,2007年,10万公里,1.8升,手动,,1.35
日产, 天籁 2005款 230JMS,2005年,14万公里,2.3升,自动,,1.55
日产, 奇骏 2017款 2.0L CVT舒适版 2WD,2017年,3.1万公里,2.0升,自动,,14.98
宝马, X3 2018款 X3 xDrive30i 领先型 M运动套装,2018年,0.76万公里,2.0升,自动,,43.68
大众, 捷达 2006款 1.6 手动 CIX伙伴,2006年,10万公里,1.6升,手动,,0.85
别克, GL8 2014款 2.4L CT豪华商务舒适版,2014年,6万公里,2.4升,自动,,20.5
奔驰, E级 2012款 E 260 L CGI时尚型,2012年,8万公里,1.8升,自动,,16.8
路虎, 神行者2 2010款 3.2L 自动 HSE 四驱,2011年,8万公里,3.2升,自动,高配,21.8
现代, 悦动 2007款 1.6 手动,2007年,18万公里,1.6升,手动,,1
雪佛兰, 科鲁兹 2012款 1.8L SE AT,2012年,8万公里,1.8升,自动,,3.38
宝马, 7系 2013款 740Li 领先型,2014年,6万公里,3.0升,自动,,37.5
雷克萨斯, GS 2005款 430,2006年,4万公里,4.3升,自动,,30
福特, 福克斯三厢 2012款 三厢 1.6L 自动尊贵型,2012年,8万公里,1.6升,自动,,3.88
奔驰, 威霆 2013款 3.0L 商务版,2014年,7万公里,3.0升,自动,,26.8
日产, 骊威 2007款 1.6 手动 GX劲锐版智能型,2007年,10万公里,1.6升,手动,,1.6
宝马, 5系 2011款 535Li 豪华型,2011年,10万公里,3.0升,自动,,15.2
奔驰, S级 1991款 3.5 自动,1995年以前,36万公里,3.5升,自动,,4.8
大众, 迈特威 2012款 2.0TSI 四驱尊享版,2015年,6万公里,2.0升,自动,高配,32.8
奔驰, E级(进口) 2010款 E 200 CGI 优雅型,2010年,14万公里,1.8升,自动,,13
奔驰, S级 2006款 S350 3.5 手自一体 V6 豪华型,2006年,14万公里,3.5升,自动,,15.3
保时捷, Macan 2016款 Macan 2.0T,2016年,4.7万公里,2.0升,自动,,44.5
奥迪, R8 2013款 5.2 FSI quattro 中国专享型,2014年,2.5万公里,5.2升,自动,高配,98.8
路虎, 神行者2 2009款 3.2 手自一体 HSE高配,2009年,11.7万公里,3.2升,自动,高配,9.9
奥迪, A4L 2017款 40 TFSI 运动型,2017年,2万公里,2.0升,自动,,20.8
路虎, 揽胜运动版 2005款 运动版V8 4.4,2005年,9万公里,4.4升,自动,高配,14.3
荣威, 350 2010款 350D 1.5L 自动迅豪版,2010年,8.5万公里,1.5升,自动,高配,2.3
MINI, 2014款 1.5T COOPER Fun,2015年,6.2万公里,1.5升,自动,,15.5
玛莎拉蒂, Levante 2018款 3.0T 350Hp 豪华杰尼亚版,2018年,1万公里,3.0升,自动,,81.98
铃木, 北斗星 2007款 1.4L 手动限量版,2007年,10万公里,1.4升,手动,高配,0.85
依维柯, 2012款 Daily 2.5T A32基本型,2012年,9.2万公里,2.5升,手动,高配,2.9
英菲尼迪, QX60 2014款 2.5T Hybrid 两驱卓越版,2014年,7.2万公里,2.5升,自动,,26.58
奥迪, Q7 2018款 40 TFSI S line运动型,2018年,1.26万公里,2.0升,自动,,53.38
大众, 迈腾 2007款 1.8TSI 自动豪华型,2007年,11万公里,1.8升,自动,高配,2.45
大众, 凯路威 2017款 2.0TSI 四驱豪华版 7座,2017年,1.8万公里,2.0升,自动,高配,47.3
奔驰, C级(进口) 2013款 C 180 轿跑版,2014年,8万公里,1.8升,自动,高配,16.8
本田, CRV 2010款 2.4L 自动四驱尊贵导航版,2010年,3万公里,2.4升,自动,高配,10.6
路虎, 揽胜 2016款 3.0 V6 SC Vogue,2017年,5万公里,3.0升,自动,,85.6
别克, GL8 2015款 2.4L 豪华商务尊享版,2016年,7万公里,2.4升,自动,高配,17.6
铃木, 奥拓 2009款 1.0L 手动舒适型,2009年,12万公里,1.0升,手动,,0.8
本田, 飞度 2018款 1.5L CVT舒适天窗版,2018年,2万公里,1.5升,自动,,7.9
日产, 阳光 2014款 1.5XL CVT豪华版,2014年,5.6万公里,1.5升,自动,,4.9
现代, 悦动 2008款 1.6 自动 豪华型导航版,2009年,12万公里,1.6升,自动,,1.6
大众, 高尔夫 2018款 230TSI 自动豪华型,2018年,0.1万公里,1.4升,自动,,14.5
福特, 福克斯三厢 2005款 三厢 1.8L 自动时尚型,2005年,13万公里,1.8升,自动,,0.8
本田, 思迪 2006款 1.3L 手动,2006年,12万公里,1.3升,手动,,0.8
克莱斯勒, 铂锐 2008款 2.0 手自一体舒适型,2008年,11万公里,2.0升,自动,,2.72
保时捷, Cayenne 2006款 Cayenne 3.2L AT,2006年,13万公里,3.2升,自动,,12
大众, 迈腾 2009款 2.0TSI DSG豪华型,2009年,11万公里,2.0升,自动,高配,6.2
丰田, 威驰 2005款 1.3L GL MT,2005年,19万公里,1.3升,手动,,0.56
福特, 福克斯三厢 2012款 三厢 1.6L 手动舒适型,2012年,6万公里,1.6升,手动,,2.4
标致, 206 2006款 1.4L 自动,2006年,11万公里,1.4升,自动,,0.7
别克, GL8 2007款 陆尊LT 3.0 自动 豪华版,2006年,13万公里,3.0升,自动,高配,3.2
起亚, 欧菲莱斯 2007款 2.7 手自一体 舒适版,2007年,12万公里,2.7升,自动,,5
奥迪, Q3 2015款 35 TFSI quattro 豪华型,2015年,7万公里,2.0升,自动,,15.3
标致, 206 2006款 Super S 1.6 自动型,2006年,0.7万公里,1.6升,自动,,0.7
大众, 甲壳虫 2013款 1.2TSI 时尚型,2013年,8.7万公里,1.2升,自动,,10.28
奥迪, A6 2002款 1.8T 手自一体 基本型,2003年,18万公里,1.8升,自动,,1
北汽制造, 陆霸 2003款 3.4 自动 四驱版,2005年,13万公里,3.4升,自动,高配,3.9
MINI, 2011款 1.6L COOPER Excitement,2011年,8万公里,1.6升,自动,,8.4
大通, G10 2016款 2.0T 自动 精英版,2016年,2万公里,2.0升,自动,,22.9
现代, 伊兰特 2011款 1.6L 手动舒适型,2014年,9.7万公里,1.6升,手动,营转非,1.35
本田, 飞度 2006款 1.5 CVT 舒适版,2006年,12万公里,1.5升,自动,,1.95
江淮, 瑞风 2004款 2.4 手动 7座标准型,2004年,14万公里,2.4升,手动,,1
大众, 迈腾 2007款 2.0 手动标准型,2008年,14万公里,2.0升,手动,,3.2
马自达, 3 2007款 1.6L 手动标准型,2007年,11万公里,1.6升,手动,,1.2
福特, 福克斯两厢 2007款 两厢 1.8L 手动舒适型,2008年,10万公里,1.8升,手动,,1.65
海马, 丘比特 2010款 1.5 手自一体 Csport,2010年,9万公里,1.5升,自动,高配,1.75
马自达, 3 2007款 1.6L 自动标准型,2008年,10万公里,1.6升,自动,,2.35
路虎, 揽胜 2014款 3.0 V6 SC Vogue SE,2014年,6万公里,3.0升,自动,,70
奥迪, A4L 2011款 2.0 TFSI 标准型,2011年,8万公里,2.0升,自动,,10.98
现代, 新胜达 2010款 2.4 手自一体 7座四驱豪华版,2010年,15万公里,2.4升,自动,,6.98
大众, 桑塔纳 2015款 1.6L 手动舒适版,2015年,9.2万公里,1.6升,手动,营转非,2.48
大众, CC 2013款 2.0TSI 豪华型,2013年,5.7万公里,2.0升,自动,,15.18
路虎, 发现 2017款 3.0 V6 SE,2017年,5万公里,3.0升,自动,,51
三菱, 帕杰罗 2011款 V73 3.0L AT GLS,2011年,11万公里,3.0升,自动,高配,13.8
大众, 帕萨特领驭 2005款 1.8T 手动豪华型,2006年,10万公里,1.8升,手动,,1.5
铃木, 雨燕 2005款 1.3L 手动舒适型,2005年,12万公里,1.3升,手动,,0.5
日产, 马克西马 2004款 3.5 自动,2006年,16万公里,3.5升,自动,高配,3.30
现代, 悦动 2007款 1.6 手动,2007年,11万公里,1.6升,手动,,1.2
永源, UFO 2015款 1.5 手动 十周年纪念版,2015年,6万公里,1.5升,手动,高配,2.8
保时捷, Cayman 2009款 Cayman S 3.4L,2009年,11万公里,3.4升,自动,高配,19.8
丰田, 威驰 2017款 1.5L CVT创行版,2018年,2万公里,1.5升,自动,,5.38
江淮, 瑞风 2011款 2.4 手动 11座政采版豪华型,2012年,7万公里,2.4升,手动,,5.85
宝马, X4 2014款 xDrive28i M运动型,2015年,8万公里,2.0升,自动,,28
现代, 新胜达 2006款 2.7 豪华型,2007年,12万公里,2.7升,自动,,4.5
精灵smart, fortwo 2013款 1.0T 硬顶激情版,2013年,4.8万公里,1.0升,自动,,5.8
奥迪, A4 2004款 1.8T 标准型,2004年,12.5万公里,1.8升,自动,,1.5
马自达, 6 2004款 2.0L 自动豪华型,2004年,14.5万公里,2.0升,自动,,1.2
丰田, 普拉多 2005款 4.0 自动 GX,2005年,9万公里,4.0升,自动,,6.5
宝马, M系 2014款 M4敞篷轿跑车,2015年,5万公里,3.0升,自动,,58.8
大众, 捷达 2015款 质惠版 1.6L 手动舒适型,2014年,8.7万公里,1.6升,手动,营转非,1.95
日产, 天籁 2005款 230JM,2005年,14万公里,2.3升,自动,,1.2
日产, 轩逸 2012款 1.6XL CVT豪华版,2012年,5万公里,1.6升,自动,,6.6
马自达, 6 2004款 2.3L 自动技术型,2004年,9万公里,2.3升,自动,,0.98
日产, 天籁 2005款 230JMS,2005年,15万公里,2.3升,自动,,1.65
比亚迪, F0 2008款 1.0L 舒适型,2009年,12万公里,1.0升,手动,,0.55
大众, POLO 2004款 两厢 1.4L 自动基本型,2004年,12万公里,1.4升,自动,,0.8
江铃, 特顺 2017款 特顺 2.4L商务型长轴中顶14/15座4G69S4N,2018年,1万公里,2.4升,手动,,10.98
大众, 途锐 2011款 3.0TSI 豪华型,2011年,15万公里,3.0升,自动,,19.98
大众, 帕萨特 2004款 1.8T 自动基本型,2004年,15万公里,1.8升,自动,,0.9
丰田, 花冠 2004款 1.8L 手动GLi,2004年,15万公里,1.8升,手动,,1
标致, 308 2012款 2.0L 自动尊尚型,2012年,8万公里,2.0升,自动,高配,3.9
本田, 飞度 2004款 1.3L 手动,2004年,12万公里,1.3升,手动,,0.75
福特, 蒙迪欧 2006款 2.5 手自一体 经典型,2006年,14万公里,2.5升,自动,,0.9
宝马, Z4 2013款 sDrive20i领先型,2013年,8万公里,2.0升,自动,,21.9
奥迪, A6L 2016款 45 TFSI quattro 运动型,2016年,11.52万公里,3.0升,自动,,27.69
比亚迪, F3 2016款 1.5L 手动舒适型,2016年,4万公里,1.5升,手动,,2.8
大众, 捷达 2015款 质惠版 1.6L 手动舒适型,2015年,9.3万公里,1.6升,手动,营转非,2.45
奔驰, G级 2013款 G 500,2014年,9万公里,5.5升,自动,高配,89.5
奔驰, AMG 2017款 改款 AMG A 45 4MATIC,2017年,4万公里,2.0升,自动,,36.08
沃尔沃, S90 2020款 S90 T5 智逸豪华版,2019年,0.73万公里,2.0升,自动,,23.58
奥迪, A6(进口) 2018款 3.0T allroad quattro,2018年,4.7万公里,3.0升,自动,高配,43.98
风行, 菱智 2011款 1.9T 手动  汽油 创业型长轴7座,2011年,9万公里,1.9升,手动,,1.85
大众, 速腾 2009款 1.6L 自动时尚型,2009年,11万公里,1.6升,自动,,3.7
雪佛兰, 科鲁兹 2009款 1.6L SE AT,2009年,11万公里,1.6升,自动,,1.8
保时捷, Cayenne 2007款 Cayenne 3.6L,2009年,12.85万公里,3.6升,自动,,22.98
奥迪, A5 2017款 Sportback 45 TFSI quattro 运动型,2018年,0.34万公里,2.0升,自动,,37.98
别克, 君威 2015款 1.6T 领先技术型,2015年,6.2万公里,1.6升,自动,,9.38
东南, DX3 2019款 1.5T CVT豪华型 国VI,2019年,0.88万公里,1.5升,自动,,5.98
日产, 天籁 2004款 230JK(天窗版),2004年,13万公里,2.3升,自动,,1.2
本田, 飞度 2004款 1.3L CVT,2004年,10万公里,1.3升,自动,,1
大众, 帕萨特 2003款 1.8T 手自一体 舒适天窗版,2003年,15万公里,1.8升,自动,,0.75
奔驰, E级 2011款 E 200 L CGI优雅型,2012年,12.5万公里,1.8升,自动,,16.18
大众, 桑塔纳 2015款 1.6L 手动豪华版,2015年,8.6万公里,1.6升,手动,营转非,2.45
本田, 锋范经典 2008款 1.5L 自动精英版,2008年,13.6万公里,1.5升,自动,,1.8
斯柯达, 明锐 2015款 1.6L 手动逸致版,2015年,6.3万公里,1.6升,手动,,5
雷克萨斯, IS 2007款 300 3.0 手自一体 炫动特别版,2007年,13万公里,3.0升,自动,高配,7.5
奔驰, G级 2013款 G 500,2014年,9万公里,5.5升,自动,高配,89.5
宝马, 1系(进口) 2013款 改款 118i 领先型,2014年,6.5万公里,1.6升,自动,,12.66
金杯, 阁瑞斯MPV 2015款 2.2 手动 经典版 豪华型长轴11座,2016年,3.1万公里,2.2升,手动,,7.55
日产, 新蓝鸟 2018款 蓝鸟 1.6L 手动时尚潮音版,2018年,1.3万公里,1.6升,手动,,5.58
宝马, X1 2014款 sDrive18i 领先型,2014年,5万公里,2.0升,自动,,15
奔驰, C级(进口) 2015款 C 200 旅行轿车,2016年,7万公里,2.0升,自动,高配,27.8
大众, 朗逸 2013款 改款 1.4TSI 手动舒适版,2014年,8.9万公里,1.4升,手动,营转非,2.65
现代, 伊兰特 2011款 1.6L 手动舒适型,2014年,8.8万公里,1.6升,手动,营转非,1.35
腾势汽车, 腾势 2016款 腾势 荣耀版,2016年,2.7万公里,1.0升,自动,高配,9.5
大通, G10 2016款 2.0T 自动 豪华行政版,2017年,5万公里,2.0升,自动,,23
丰田, 普拉多(进口) 2008款 2.7 自动 中东版,2008年,8万公里,2.7升,自动,,15
福特, 福克斯两厢 2006款 两厢 1.8L 自动时尚型,2006年,18万公里,1.8升,自动,,1
宝马, 5系 2017款 528Li 豪华设计套装,2017年,4万公里,2.0升,自动,,35
比亚迪, F0 2008款 1.0L 豪华型,2008年,10万公里,1.0升,手动,,0.55
雪佛兰, 科帕奇(进口) 2011款 2.4 AT 7座豪华导航版,2011年,10.8万公里,2.4升,自动,高配,6.88
大众, 帕萨特领驭 2007款 1.8T 手动标准型,2008年,10万公里,1.8升,手动,,2.35
奥迪, A4L 2015款 35 TFSI 自动标准型,2015年,5.7万公里,2.0升,自动,,16.98
大众, 桑塔纳 2015款 1.6L 手动豪华版,2015年,8.6万公里,1.6升,手动,营转非,2.45
大众, 朗逸 2011款 1.6L 手动品雅版,2014年,9.3万公里,1.6升,手动,营转非,1.65
大众, 速腾 2006款 2.0L 自动舒适型,2006年,14万公里,2.0升,自动,,1.3
大众, 捷达 2015款 1.6L 手动豪华型,2015年,8.9万公里,1.6升,手动,营转非,2.65
吉普, 大切诺基(进口) 2016款 3.0 自动 精英导航版,2017年,4万公里,3.0升,自动,,34.8
雷克萨斯, LS 2009款 460 4.6 手自一体 加长版,2009年,12万公里,4.6升,自动,,31.8
大众, 新宝来 2008款 1.6L 自动时尚型,2009年,10万公里,1.6升,自动,,2
比亚迪, F0 2010款 尚酷爱国版 1.0L 尚酷型,2010年,10万公里,1.0升,手动,高配,0.88
保时捷, 911 2016款 Carrera 3.0T,2017年,3.2万公里,3.0升,自动,,103.8
铃木, 吉姆尼 2012款 1.3 MT Mode3导航版,2013年,6.9万公里,1.3升,手动,,9.8
奔驰, E级 2015款 E 320 L 运动型 4MATIC,2015年,4万公里,3.0升,自动,,34.8
大众, 桑塔纳志俊 2010款 1.6L 手动舒适型,2014年,9.3万公里,1.6升,手动,高配_营转非,0.98
宝马, Z4 2009款 sDrive23i领先型,2010年,5.6万公里,2.5升,自动,,17.8
荣威, Ei5 2018款 Ei5 互联网旗舰版,2018年,1万公里,纯电动,自动,,9.8
奥迪, R8 2013款 5.2 FSI quattro 中国专享型,2014年,2.5万公里,5.2升,自动,高配,98.8
宝马, X1(进口) 2010款 xDrive28i,2010年,7.8万公里,3.0升,自动,高配,10.8
现代, 瑞纳 2010款 三厢 1.4L 手动豪华型GLS,2010年,9万公里,1.4升,手动,,2.38
路虎, 揽胜 2009款 5.0T 自动 Super charged,2009年,6万公里,5.0升,自动,高配,27
江铃, 福特新世代全顺 2017款 新全顺 短轴低顶版,2017年,3万公里,2.0升,手动,,10.88
宝马, 5系 2012款 523Li 豪华型,2012年,12万公里,2.5升,自动,,17
大众, 朗逸 2009款 2.0L 手动品悠版,2010年,12万公里,2.0升,手动,,3.68
日产, 轩逸 2019款 轩逸 经典 1.6XL CVT豪华版,2019年,0.8万公里,1.6升,自动,,18.8
现代, 伊兰特 2006款 1.6 自动 豪华型,2006年,15万公里,1.6升,自动,,1.58
玛莎拉蒂, 总裁 2013款 3.0T 标准型,2014年,4万公里,3.0升,自动,,55
奔驰, 斯宾特(进口) 2015款 3.5 自动 7座 欧规版,2016年,3.5万公里,3.5升,自动,,46.5
宝马, 5系 2005款 530i,2005年,15万公里,3.0升,自动,高配,2.6
吉普, 指挥官 2007款 5.7 自动 四驱限量版,2007年,13万公里,5.7升,自动,高配,9.9
宝马, X6 2011款 xDrive35i,2010年,9万公里,3.0升,自动,,25.8
宝马, 5系 2018款 改款 530Li xDrive M运动套装,2018年,2万公里,2.0升,自动,,36.8
吉利, 远景 2010款 1.5L 智能豪华导航版,2010年,8万公里,1.5升,手动,,0.98
九龙, 商务车 2012款 2.5T 手动 柴油 物流型,2013年,3万公里,2.5升,手动,,6.2
现代, 悦动 2008款 1.6L MT GL,2008年,10万公里,1.6升,手动,,1.2
宾利, 飞驰 2005款 6.0T 基本型,2008年,8万公里,6.0升,自动,高配,86.0
日产, 天籁 2005款 230JMS,2005年,16万公里,2.3升,自动,,1.2
本田, 思迪 2006款 1.3L 自动,2006年,19万公里,1.3升,自动,,1.4
大众, 速腾 2006款 1.6 手动 真皮型,2006年,13万公里,1.6升,手动,,1
保时捷, Panamera 2016款 Panamera 4 Executive Edition 3.0T,2016年,4万公里,3.0升,自动,高配,79.38
别克, 君威 2009款 2.4L 精英版,2009年,10万公里,2.4升,自动,,4.4
日产, 阳光 2011款 1.5XV 手动尊贵版,2011年,9.8万公里,1.5升,手动,,2.2
奥迪, A3 2019款 A3 Limousine 40 TFSI 运动型,2019年,0.01万公里,1.4升,自动,,20.8
本田, 艾力绅 2019款 2.0L 混动舒适版,2019年,1.56万公里,2.0升,自动,,24.54
大众, 高尔夫GTI 2018款 2.0TSI GTI,2017年,0.9万公里,1.4升,自动,高配,19.6
江铃, 经典全顺 2009款 2.8T 手动 柴油豪华型长轴中顶JX493ZLQ3,2011年,10万公里,2.8升,手动,,4.2
大众, 帕萨特领驭 2007款 1.8T 自动VIP型,2007年,9万公里,1.8升,自动,,2.58
大众, 甲壳虫 2010款 2.0 BlackOrange敞篷豪华版,2011年,4万公里,2.0升,自动,高配,12.88
铃木, 雨燕 2006款 1.3 手动 舒适版,2006年,7万公里,1.3升,手动,,0.8
吉普, 大切诺基(进口) 2011款 3.6 自动 豪华版,2011年,14万公里,3.6升,自动,,19
MG, 名爵6 2010款 1.8 自动 精英版,2010年,8万公里,1.8升,自动,,2
奥迪, A4L 2011款 2.0 TFSI 舒适型,2011年,9万公里,2.0升,自动,,10
大众, 迈腾 2007款 1.8TSI 自动豪华型,2007年,9万公里,1.8升,自动,高配,3.2
大众, 朗逸 2019款 经典 1.5L 自动舒适版 国VI,2019年,0.98万公里,1.5升,自动,,8.58
日产, 天籁 2007款 御 230JK豪华天窗,2007年,12万公里,2.3升,自动,,2.2
宝马, 3系 2011款 325i 时尚型,2011年,10.3万公里,2.5升,自动,,9.98
大众, 迈腾 2007款 1.8TSI 自动技术型,2007年,9万公里,1.8升,自动,,2.2
大众, 宝来经典 2005款 1.6自动基本,2005年,13万公里,1.6升,自动,,0.8
宝马, 5系(进口) 2013款 520i 典雅型,2013年,12.2万公里,2.0升,自动,,20.6
大众, 探歌 2018款 TROC 200TSI 手动两驱时尚型,2018年,1.3万公里,1.2升,手动,,8.58
宝马, 7系 2008款 730Li领先型,2009年,9万公里,3.0升,自动,,12.5
奔驰, C级 2013款 C 260 时尚型 Grand Edition,2013年,5万公里,1.8升,自动,,13.8
本田, 雅阁 2008款 2.0L EX,2008年,12万公里,2.0升,自动,,4.5
本田, CRV 2007款 2.4L 自动四驱豪华版,2008年,11万公里,2.4升,自动,,6.3
斯巴鲁, 力狮 2006款 2.0L 自动 R 四驱旅行版,2007年,13万公里,2.0升,自动,,6.5
日产, 轩逸 2018款 经典 1.6XE+ CVT豪华版,2018年,2万公里,1.6升,自动,,17.8
大众, 途观 2013款 2.0TSI 自动四驱旗舰版,2013年,13万公里,2.0升,自动,高配,10.5
吉利, 远景 2010款 1.5L 白金版,2010年,7万公里,1.5升,手动,,0.99
马自达, 3 2008款 1.6 手自一体 标准版,2008年,10万公里,1.6升,自动,,2.36
奔驰, ML级 2007款 ML350 3.5 自动 美规汽油版,2008年,10万公里,3.5升,自动,高配,15.8
本田, 奥德赛 2017款 2.4L 舒适版,2018年,1.3万公里,2.4升,自动,,16.98
奥迪, A6L 2012款 TFSI 舒适型,2013年,7.5万公里,2.0升,自动,,19.9
斯柯达, 速派 2016款 TSI330 DSG创行版,2016年,4万公里,1.8升,自动,,12
大众, 帕萨特 2019款 280TSI 商务版 国VI,2019年,1.3万公里,1.4升,自动,,12.58
沃尔沃, XC60 2012款 2.0T T5 智雅版,2012年,6万公里,2.0升,自动,,12.58
马自达, 6 2003款 2.3 手自一体 标准版,2003年,10万公里,2.3升,自动,高配,0.8
保时捷, 718 2016款 Cayman 2.0T,2017年,1万公里,2.0升,自动,,62.6
大众, 新宝来 2011款 1.6L 自动舒适型,2010年,8万公里,1.6升,自动,,4.6
奥迪, A6L 2008款 2.0T 奥运限量版,2008年,7.8万公里,2.0升,自动,,7.3
大众, 速腾 2012款 1.6L 自动舒适型,2013年,3.8万公里,1.6升,自动,,6.8
斯柯达, 明锐 2009款 2.0L 手动逸仕版,2009年,13万公里,2.0升,手动,,2.5
奔驰, C级 2018款 C 180 L 时尚型运动版,2018年,2.9万公里,1.6升,自动,,26.2
丰田, 卡罗拉 2007款 1.6L 手动GL,2007年,16万公里,1.6升,手动,,1.5
现代, 捷恩斯 2015款 3.0GDi 四驱豪华版,2015年,9.04万公里,3.0升,自动,,18.98
大众, 途安 2006款 1.8T 豪华自动7座,2006年,13万公里,1.8升,自动,,2.3
奥迪, Q7 2007款 3.6 FSI quattro 豪华型,2007年,16万公里,3.6升,自动,,12.9
奔驰, C级 2011款 C 200 CGI 时尚型,2012年,3.9万公里,1.8升,自动,,14.28
奔驰, C级 2017款 改款 C 200 L 运动版,2017年,1.88万公里,2.0升,自动,,27.5
日产, 阳光 2012款 1.5 CVT XE 舒适版,2012年,6.8万公里,1.5升,自动,,3.6
斯柯达, 明锐 2016款 1.6L 自动智行版,2015年,6万公里,1.6升,自动,,7.1
奥迪, A6L 2014款 TFSI 标准型,2014年,7.8万公里,2.0升,自动,,20.8
日产, 奇骏 2017款 2.5L CVT豪华版 4WD,2018年,2万公里,2.5升,自动,,19.8
奥迪, A4 2007款 1.8T 自动豪华型,2007年,10万公里,1.8升,自动,,4
奥迪, TT 2013款 TT Coupe 45 TFSI,2013年,3.2万公里,2.0升,自动,,22.99
保时捷, Cayenne 2011款 Cayenne 3.0T,2012年,10万公里,3.0升,自动,,38.5
大众, 迈腾 2008款 2.0TSI 自动舒适型,2008年,13.6万公里,2.0升,自动,,2.6
长丰, 黑金刚 2008款 2.4 手动 舒适型四驱,2008年,10万公里,2.4升,手动,,3.95
奔驰, CLA级 2015款 CLA 220 4MATIC,2015年,8.2万公里,2.0升,自动,,21.08
江铃, 福特新世代全顺 2017款 新全顺 短轴低顶版,2018年,2万公里,2.0升,手动,,9.9
别克, 凯越 2005款 LX 1.6 自动 标准型,2005年,12万公里,1.6升,自动,,0.95
日产, 天籁 2005款 230JM,2005年,15万公里,2.3升,自动,,1.2
别克, 君越 2006款 2.4 豪华型,2006年,9万公里,2.4升,自动,,1.5
奔驰, ML级 2000款 3.2 自动,2000年,14万公里,3.2升,自动,高配,4.8
别克, GL8 2013款 3.0L XT豪华商务旗舰版,2012年,9.8万公里,3.0升,自动,高配,14.6
英菲尼迪, FX 2007款 FX35 标准版,2008年,7万公里,3.5升,自动,,10
现代, 悦动 2008款 1.6 自动 豪华型导航版,2008年,13.6万公里,1.6升,自动,,1.38
吉普, 指挥官 2007款 5.7 自动 四驱限量版,2007年,14.5万公里,5.7升,自动,高配,13.8
宝马, X3 2012款 xDrive28i 豪华型,2012年,9万公里,2.0升,自动,高配,19.58
丰田, 花冠 2013款 1.6L 手动卓越版,2014年,8.9万公里,1.6升,手动,营转非,2.38
现代, 新胜达 2009款 2.7 豪华型,2009年,9万公里,2.7升,自动,高配,5.1
奥迪, A6L 2010款 2.4L 豪华型,2010年,16万公里,2.4升,自动,,11
奥迪, RS 3 2017款 RS 3 2.5T Limousine,2017年,1.77万公里,2.6升,自动,高配,47.3
大众, 速腾 2006款 1.6L手动时尚型,2007年,11万公里,1.6升,手动,,1.35
大众, 帕萨特 2004款 1.8T 自动基本型,2005年,13万公里,1.8升,自动,,1.21
丰田, 普拉多 2016款 2.7L 自动豪华版,2016年,5万公里,2.7升,自动,,37
奔驰, R级 2010款 R350 3.5 自动 四驱,2012年,18万公里,3.5升,自动,,20
现代, 菲斯塔 2019款 280TGDi 智速版 国VI,2018年,2.01万公里,1.6升,自动,,9.28
铃木, 利亚纳两厢 2006款 两厢 1.6L 自动标准,2006年,11万公里,1.6升,自动,,1.2
路虎, 揽胜 2017款 3.0 V6 SC Vogue SE 创世加长版,2018年,4万公里,3.0升,自动,,110
奔驰, ML级 2015款 ML 320 4MATIC,2015年,9万公里,3.0升,自动,,41.66
本田, 凌派 2019款 180Turbo CVT舒适版 国VI,2019年,0.98万公里,1.0升,自动,,7.29
凯迪拉克, SLS赛威 2010款 3.0L 豪华型,2010年,9万公里,3.0升,自动,,12.8
金杯, 阁瑞斯MPV 2013款 2.0 手动 全运纪念版豪华型长轴11座,2013年,5万公里,2.0升,手动,高配,5.5
别克, GL8 2008款 陆尊 3.0 自动 豪华版,2008年,10万公里,3.0升,自动,高配,3.98
依维柯, 2016款 3.0TA39尊享版中顶F1C,2016年,0.4万公里,3.0升,手动,,15.1
宝马, Z4 2013款 sDrive20i领先型,2013年,8万公里,2.0升,自动,,21.88
奔驰, C级(进口) 2013款 C 180 轿跑版,2013年,4.6万公里,1.8升,自动,高配,14.8
GMC, Savana 2010款 6.0 手自一体 7座总统级,2010年,1万公里,6.0升,自动,高配,34.8
丰田, 86 2014款 2.0L 自动豪华型,2014年,2.9万公里,2.0升,自动,高配,27.8
MG, 名爵3 2013款 1.5 手动 精英版,2013年,8万公里,1.5升,手动,,2.6
MG, 名爵3 2007款 1.4 手动 舒适版,2007年,10万公里,1.4升,手动,,1
保时捷, Cayenne 2011款 Cayenne 3.0T,2011年,11万公里,3.0升,自动,,39
宝马, X5 2016款 xDrive40e,2016年,4万公里,2.0升,自动,高配,60
保时捷, Macan 2017款 Macan Turbo 3.6T,2017年,1.7万公里,3.6升,自动,,68.6
丰田, 普拉多 2010款 4.0L 自动TX,2011年,13万公里,4.0升,自动,,30.8
奥迪, A4 2004款 1.8T 标准型,2004年,10万公里,1.8升,自动,,1.65
奥迪, A6L 2005款 2.0T 自动标准型,2007年,14万公里,2.0升,自动,,5.35
别克, GL8 2005款 陆尊 3.0L CT2 舒适型,2005年,12万公里,3.0升,自动,,1.35
捷豹, XF 2015款 3.0T 自动 80周年典藏RSport版,2015年,7万公里,3.0升,自动,,19.8
路虎, 揽胜运动版 2019款 3.0 V6 特别版,2019年,0.18万公里,3.0升,自动,,79.6
雪佛兰, 科鲁兹 2009款 1.6L SE MT,2009年,15万公里,1.6升,手动,,1.6
奔驰, C级 2013款 C 260 时尚型 Grand Edition,2014年,7.9万公里,1.8升,自动,,15.3
双环, 小贵族 2009款 1.1 手动 尊贵Ⅰ型B,2009年,7万公里,1.1升,手动,,1.2
宝马, M系 2012款 M5,2013年,8.6万公里,4.4升,自动,,52.8
宝马, 5系 2014款 520Li 典雅型,2014年,7.1万公里,2.0升,自动,,23.68
奔驰, R级 2007款 R 500 L 4MATIC,2009年,9万公里,5.5升,自动,高配,22.8
大众, 迈腾(进口) 2012款 旅行版 2.0TSI 豪华型,2012年,7.2万公里,2.0升,自动,,12
别克, GL8 2005款 2.5L CT1 舒适型,2006年,16万公里,2.5升,自动,,1.2
奔驰, G级 2013款 G 500,2013年,10万公里,5.5升,自动,高配,109.8
比亚迪, F0 2008款 1.0L 实用型,2008年,9万公里,1.0升,手动,,0.3
日产, 贵士 2015款 3.5L SL,2015年,8万公里,3.5升,自动,高配,30.2
丰田, 赛纳 2005款 3.3 自动 XLE,2006年,8万公里,3.3升,自动,高配,10.8
标致, 307三厢 2004款 2.0L 自动Prestige,2004年,15万公里,2.0升,自动,高配,0.4
福特, 蒙迪欧 2006款 2.0L 尊贵型,2006年,14万公里,2.0升,自动,,1.2
丰田, 威驰 2006款 1.3L GL特别版 MT VVTi,2006年,15万公里,1.3升,手动,,1
马自达, 6 2009款 2.3 手自一体,2009年,11万公里,2.3升,自动,高配,5.38
宝马, 3系 2011款 325i 豪华型,2011年,13万公里,2.5升,自动,,10.8
大众, 朗逸 2019款 经典 1.5L 自动风尚版 国VI,2019年,0.98万公里,1.5升,自动,,8.85
江铃, 经典全顺 2013款 汽车 长轴 中顶 15座 国4,2015年,5万公里,2.8升,手动,,8.65
大众, 辉腾 2006款 4.2L V8 4座豪华版,2007年,16万公里,4.2升,自动,,12.5
大众, 途观 2012款 2.0TSI 自动四驱菁英版,2013年,5.6万公里,2.0升,自动,,11.58
奥迪, A8L 2012款 A8L 45 TFSI quattro舒适型,2012年,10万公里,3.0升,自动,,29.38
标致, 206(进口) 2002款 1.4 手自一体 三门版,2003年,15万公里,1.4升,自动,,1.83
江南, 奥拓 2010款 0.8 手动 基本型,2014年,3万公里,0.8升,手动,高配,1.4
本田, 奥德赛 2006款 2.4L 舒适型,2006年,8万公里,2.4升,自动,,3.75
江铃, 福特新世代全顺 2013款 2.4 手动 柴油15座长轴中顶豪华型,2013年,6万公里,2.4升,手动,,9.8
玛莎拉蒂, Levante 2018款 3.0T 350Hp 运动版,2018年,0.9万公里,3.0升,自动,,75.8
大众, POLO劲情 2007款 劲情 1.4L 自动风尚版,2007年,12万公里,1.4升,自动,,2.3
本田, 飞度 2004款 1.3L CVT,2004年,12万公里,1.3升,自动,,0.9
福特, 蒙迪欧 2006款 2.0 手动 GLX经典型,2006年,20万公里,2.0升,手动,,0.7
丰田, 赛纳 2014款3.5L 四驱 LE 美规版,2014年,6万公里,3.5升,自动,高配,36.8
别克, GL8 2017款 28T 旗舰型,2017年,6.8万公里,2.0升,自动,,32.5
大众, 速腾 2007款 2.0 手自一体 时尚版,2007年,13万公里,2.0升,自动,,2.55
江铃, 经典全顺 2016款 2.4 手动 汽油长轴10座中顶物流车4G64S4N,2017年,5万公里,2.4升,手动,,9.8
现代, 雅绅特 2007款 1.4 手动 时尚型,2007年,8万公里,1.4升,手动,,1.03
丰田, 埃尔法 2012款 3.5L 豪华版,2012年,6.8万公里,3.5升,自动,,43
丰田, 普拉多 2015款 2.7L 自动豪华版,2015年,7万公里,2.7升,自动,高配,34.5
依维柯, 2013款 2.8TA36 客货两用,2013年,6万公里,2.8升,手动,,5.9
奥迪, A8L 2008款 A8L 3.2 FSI豪华型,2008年,11万公里,3.2升,自动,,17.3
江铃, 福特新世代全顺 2013款 2.4 手动 柴油7座长轴中顶经济型,2013年,6万公里,2.4升,手动,,11.3
本田, 思迪 2007款 1.3L 手动标准版,2007年,13万公里,1.3升,手动,,0.88
奔驰, S级 1995款 S600 6.0 自动 V12,1998年,11.2万公里,6.0升,自动,高配,3.8
奔驰, GLA级 2016款 GLA 200 动感型,2016年,3.96万公里,1.6升,自动,,17.8
奥迪, A4 2007款 1.8T 自动舒适型,2007年,15万公里,1.8升,自动,,3.6
本田, XRV 2019款 XRV 1.5L CVT经典版 国VI,2019年,0.99万公里,1.5升,自动,,8.86
丰田, 锐志 2011款 3.0L 自动 风尚旗舰导航版,2011年,11万公里,3.0升,自动,高配,13.5
现代, 瑞纳 2010款 三厢 1.4L 手动标准型GL,2010年,13万公里,1.4升,手动,,2.5
大通, 上汽MAXUS G10 2016款 2.0T 自动 行政版,2017年,0.1万公里,2.0升,自动,,11.8
路虎, 极光 2012款 2.0T 5门耀动版,2012年,8.9万公里,2.0升,自动,,17.8
大众, 速腾 2009款 1.6L 自动时尚型真皮版,2009年,8万公里,1.6升,自动,,3.15
路虎, 神行者2 2007款 3.2 手自一体,2007年,17万公里,3.2升,自动,高配,8.6
奔驰, S级 2010款 S 300 L 豪华型,2011年,12万公里,3.0升,自动,,25
铃木, 雨燕 2007款 1.3L 手动炫彩版,2008年,8万公里,1.3升,手动,,1.3
玛莎拉蒂, Levante 2016款 3.0T Levante,2016年,5万公里,3.0升,自动,,64.8
林肯, 领航员 2013款 5.4 自动 陆军一号,2013年,4.1万公里,5.4升,自动,,53
路虎, 揽胜星脉 2019款 380PS RDYNAMIC SE,2018年,0.28万公里,3.0升,自动,,59.6
奔驰, GLC级 2016款 GLC 260 4MATIC 豪华型,2016年,8.9万公里,2.0升,自动,,32.58
哈弗, H9 2017款 2.0T 汽油四驱豪华型 7座,2018年,2.9万公里,2.0升,自动,,18.8
大众, 速腾 2006款 1.6 手自一体 真皮型,2006年,13万公里,1.6升,自动,,1.3
吉普, 牧马人 2016款 3.0L 75周年致敬版 Sahara,2016年,2万公里,3.0升,自动,高配,41.8
现代, 瑞纳 2010款 三厢 1.4L 自动时尚型GT,2011年,10.6万公里,1.4升,自动,,3.68
宝马, 5系 2009款 530Li 豪华型,2009年,8万公里,3.0升,自动,高配,10
雷克萨斯, LS 2018款 LS 500h 行政版,2019年,3万公里,3.5升,自动,高配,85
奥迪, A8L 2007款 A8L 3.2 FSI 豪华型,2007年,14万公里,3.2升,自动,,14.3
大众, 帕萨特领驭 2006款 1.8T 自动 舒适型VIP,2006年,13万公里,1.8升,自动,,2.3
宝马, 5系 2019款 540Li 行政版,2018年,0.89万公里,3.0升,自动,,53.78
吉普, 牧马人 2009款 3.8 自动 四门版,2009年,13万公里,3.8升,自动,,15.5
保时捷, Cayenne 2019款 Coupé 3.0T,2019年,0.14万公里,3.0升,自动,,125.8
WEY, VV7 2017款 VV7c 旗舰型,2018年,1万公里,2.0升,自动,,13.5
现代, 圣达菲 2004款 2.4 手动 四驱,2005年,26万公里,2.4升,手动,高配,1.5
标致, 307三厢 2006款 1.6L 自动XS,2006年,13万公里,1.6升,自动,,0.81
宝马, X6 2008款 xDrive35i,2008年,12万公里,3.0升,自动,,18.3
标致, 307三厢 2006款 2.0 手自一体 XS 天窗版,2006年,9万公里,2.0升,自动,,1.5
宝马, 7系 2005款 730Li,2005年,8万公里,3.0升,自动,,6.5
保时捷, Cayenne 2011款 Cayenne 3.0T,2013年,18万公里,3.0升,自动,,43.5
捷豹, XJ 2007款 6L 3.0 手自一体 皇家加长版,2008年,15万公里,3.0升,自动,,24.5
丰田, 兰德酷路泽 2011款 4.7 自动 VX 四驱,2011年,10万公里,4.7升,自动,高配,48
大众, 帕萨特领驭 2007款 1.8T 自动VIP型,2007年,9万公里,1.8升,自动,,2.58
中华, 骏捷 2009款 1.6 手动 舒适型,2010年,10万公里,1.6升,手动,,1.28
现代, 瑞纳 2010款 三厢 1.4L 手动豪华型GLS,2010年,9万公里,1.4升,手动,,2.5
奥迪, A6(进口) 2015款 3.0T allroad quattro,2016年,5.15万公里,3.0升,自动,高配,39.3
福特, 蒙迪欧致胜 2007款 2.3L 时尚型,2007年,10万公里,2.3升,自动,,2
大众, 桑塔纳3000 2006款 1.8 手动 导入型,2008年,10万公里,1.8升,手动,,1
大众, 捷达 2004款 1.6 手动 CIFP伙伴,2004年,13万公里,1.6升,手动,,0.5
大众, 速腾 2019款 200TSI 手动时尚型 国VI,2019年,0.98万公里,1.2升,手动,,8.25
别克, GL8 2007款 2.5L GT 精英版,2009年,10万公里,2.5升,自动,,2.8
荣威, Ei5 2018款 Ei5 互联网豪华版,2018年,1.98万公里,纯电动,自动,,9.2
铃木, 雨燕 2007款 1.3L 手动炫乐版,2007年,10万公里,1.3升,手动,,1.48
铃木, 北斗星 2010款 e 1.4L 手动ES经济型,2010年,13万公里,1.4升,手动,,1.18
福特, 蒙迪欧 2007款 2.0 自动 尊贵型,2007年,12万公里,2.0升,自动,,1.5
日产, 奇骏 2016款 2.5L CVT运动版 4WD,2017年,1.5万公里,2.5升,自动,高配,17.88
雷克萨斯, IS 2007款 300 3.0 手自一体 炫动特别版,2007年,13万公里,3.0升,自动,高配,7.3
宝马, 7系 2013款 730Li 豪华型,2014年,9万公里,3.0升,自动,,35.5
雪佛兰, 科鲁兹 2009款 1.6L SE MT,2009年,11万公里,1.6升,手动,,1.5
标致, 307两厢 2007款 2.0L 自动舒适版,2007年,12万公里,2.0升,自动,高配,1
丰田, 凯美瑞 2006款 200G,2006年,16万公里,2.0升,自动,,2.2
福特, 福克斯三厢 2009款 三厢 1.8L 手动舒适型,2008年,10万公里,1.8升,手动,,1.68
大众, 桑塔纳2000 2003款 1.8 自动 俊杰,2004年,21万公里,1.8升,自动,高配,0.75
雷克萨斯, LX 2017款 LX 570 尊贵豪华版,2017年,4万公里,5.7升,自动,,143
雪铁龙, 萨拉毕加索 2007款 1.6L 手动天窗版,2008年,8.2万公里,1.6升,手动,,1.9
大众, 迈腾 2015款 1.8TSI 豪华型,2014,14.1万公里,1.8升,自动,,16
日产, 天籁 2005款 230JM,2005年,18万公里,2.3升,自动,,1
标致, 307三厢 2006款 1.6L 自动XS,2006年,15万公里,1.6升,自动,,0.88
奔驰, GLK级 2013款 GLK 300 4MATIC 豪华型,2013年,8万公里,3.0升,自动,高配,31.8
大众, 途锐 2005款 3.2 手自一体 标准型,2005年,8万公里,3.2升,自动,,5.5
大众, 捷达 2010款 1.6L 伙伴,2010年,7万公里,1.6升,手动,,1.5
丰田, 威驰 2005款 1.3 自动 三周年纪念版,2005年,15万公里,1.3升,自动,,1
别克, GL8 2014款 2.4L 行政版,2016年,2万公里,2.4升,自动,,12.5
奔驰, CLS级 2015款 CLS 260,2015年,3.5万公里,2.0升,自动,,38
福特, 福克斯两厢 2006款 两厢 1.8L 自动时尚型,2006年,13.5万公里,1.8升,自动,,1
MINI, 2014款 1.2T ONE+,2015年,3.7万公里,1.2升,自动,,13.58
宝马, X4 2014款 xDrive28i M运动型,2015年,7万公里,2.0升,自动,,33.8
宝马, 6系 2004款 645Ci,2006年,11万公里,4.4升,自动,高配,12.35
奔驰, C级 2013款 C 180 经典型 Grand Edition,2014年,9万公里,1.8升,自动,,13.98
现代, 悦动 2008款 1.6L MT GL,2008年,12万公里,1.6升,手动,,1.15
日产, 奇骏 2019款 2.0L CVT舒适版 2WD,2018年,2.6万公里,2.0升,自动,,13.88
江淮, iEV 2015款 iEV4纯电动豪华智能型,2016年,2.4万公里,1.0升,自动,,2.98
宝沃, BX7 2016款 28T 自动 四驱旗舰版5座,2016年,6.3万公里,2.0升,自动,,9.3
别克, 君威 2006款 2.5L 自动豪华,2007年,11万公里,2.5升,自动,高配,1
奥迪, A6L 2010款 2.0 TFSI 自动标准型,2011年,6万公里,2.0升,自动,,12
马自达, 阿特兹 2017款 2.0L 蓝天豪华版,2017年,2.5万公里,2.0升,自动,,13.98
丰田, 卡罗拉 2008款 1.8L 自动GLi天窗特别版,2008年,7万公里,1.8升,自动,,6.5
现代, 全新胜达 2015款 2.4L 自动两驱智能型 5座,2015年,7.7万公里,2.4升,自动,,12.28
宝马, 7系 2009款 730Li豪华型,2010年,15万公里,3.0升,自动,,20.8
别克, 凯越 2006款 LE 1.6 手动 舒适版,2006年,16万公里,1.6升,手动,,1.05
标致, 307两厢 2010款 两厢 1.6L 自动舒适版,2010年,9万公里,1.6升,自动,,2.49
福田, 风景 2016款 2.0 手动 风景快运版长轴低顶4Q20M,2016年,5万公里,2.0升,手动,,4.3
别克, GL8 2014款 3.0L GT豪华商务豪雅版,2014年,8万公里,3.0升,自动,,16.8
凯迪拉克, XTS 2018款 XTS 28T 技术型,2018年,1.22万公里,2.0升,自动,,18.08
日产, 天籁 2005款 230JMS,2005年,16万公里,2.3升,自动,,1.15
捷豹, XF 2015款 2.0T 自动 豪华版Sportbrake,2014年,4.8万公里,2.0升,自动,,25
保时捷, Cayman 2012款 2.7L 自动,2012年,6万公里,2.7升,自动,,20
日产, 奇骏 2015款 2.5L CVT领先MAX版 4WD,2015年,6.6万公里,2.5升,自动,高配,14.8
奇瑞, QQ3 2012款 时尚版 1.0L 手动爱尚型,2012年,7万公里,1.0升,手动,,0.88
克莱斯勒, 300M(进口) 1998款 3.5 自动 300M,2005年,15万公里,3.5升,自动,高配,3.6
宝马, X5 2006款 3.0i,2006年,8万公里,3.0升,自动,,7.8
保时捷, Boxster 2007款 3.4 手自一体,2010年,8.2万公里,3.4升,自动,高配,20
路虎, 揽胜 2004款 4.4 自动 顶级版,2005年,10万公里,4.4升,自动,高配,14.5
奥迪, Q7 2006款 3.6 FSI quattro 基本型,2006年,12万公里,3.6升,自动,,8.5
奥迪, Q5 2016款 40 TFSI 技术型,2016年,4.3万公里,2.0升,自动,,26.58
奥迪, Q5L 2018款 Q5L 45 TFSI 尊享时尚型,2018年,0.01万公里,2.0升,自动,,35.2
丰田, 凯美瑞 2019款 2.0G 豪华版 国VI,2019年,1.33万公里,2.0升,自动,,13.58
奥迪, Q5 2015款 40 TFSI 豪华型,2015年,4万公里,2.0升,自动,高配,32.8
别克, 英朗GT 2009款 1.6 手动 进取版,2009年,13万公里,1.6升,手动,,1.6
丰田, 普瑞维亚 2010款 2.4 手自一体 7座豪华版,2010年,11万公里,2.4升,自动,,22.5
克莱斯勒, 太平洋 2003款 3.5 自动,2005年,11万公里,3.5升,自动,,3.57
奥迪, A6L 2005款 2.0T 自动标准型,2006年,13万公里,2.0升,自动,,4.35
标致, 206 2006款 1.4L 自动,2006年,10万公里,1.4升,自动,,0.65
大众, 速腾 2006款 1.6 手动 真皮型,2006年,10万公里,1.6升,手动,,1
保时捷, Cayenne 2011款 Cayenne 3.0T,2012年,9万公里,3.0升,自动,,42
本田, 思域 2016款 220TURBO 自动豪华版,2018年,2万公里,1.5升,自动,,13.5
雷克萨斯, NX 2015款 200t 全驱 锋尚版,2015年,7.4万公里,2.0升,自动,,26.8
标致, 206 2005款 1.6L 自动智尚版,2005年,12万公里,1.6升,自动,,0.52
奥迪, A6L 2016款 TFSI 舒适型,2016年,8.08万公里,1.8升,自动,,27.3
林肯, MKX 2015款 2.7T 四驱尊耀版,2015年,3.5万公里,2.7升,自动,,24.77
铃木, 北斗星 2005款 1.4L 手动标准型,2007年,10万公里,1.4升,手动,,0.41
铃木, 雨燕 2005款 1.3L,2005年,12万公里,1.5升,手动,,1
沃尔沃, XC60 2020款 XC60 T5 四驱智逸豪华版,2019年,0.66万公里,2.0升,自动,,24.88
奥迪, TT 2008款 TT Coupe 2.0TFSI,2008年,6万公里,2.0升,自动,,10.6
宝马, 3系 2012款 320i 豪华型,2012年,11万公里,2.0升,自动,,10.5
奔驰, GLC级 2018款 改款 GLC 260 4MATIC 豪华型,2018年,0.5万公里,2.0升,自动,,37.5
大众, 新宝来 2019款 1.5L 自动时尚型 国VI,2019年,1.3万公里,1.5升,自动,,6.58
奔驰, AMG 2010款 AMG C 63 动感型增强版,2010年,9万公里,6.2升,自动,,23.5
GMC, Savana 2007款 6.0 手自一体 10座领袖级,2011年,3万公里,6.0升,自动,,22
大众, 速腾 2014款 1.4TSI 自动豪华型,2014年,6万公里,1.4升,自动,,8.3
丰田, 兰德酷路泽 2012款 4.6L 自动VXR,2015年,5万公里,4.6升,自动,高配,63.5
三菱, ASX劲炫 2011款 2.0两驱炫逸版,2011年,6万公里,2.0升,自动,,6.4
现代, 伊兰特 2006款 1.6 手动 豪华型,2006年,15万公里,1.6升,手动,,1.3
别克, 君越 2006款 2.4 自动 舒适型,2006年,14万公里,2.4升,自动,,1
奥迪, A6L 2010款 2.4L 豪华型,2010年,12万公里,2.4升,自动,,13.5
宝马, 6系 2007款 650i双门轿跑车,2008年,11万公里,4.8升,自动,,20.5
奔驰, G级 2010款 G 500,2012年,8万公里,5.5升,自动,高配,82.8
奥迪, A8L 2014款 A8L 45 TFSI quattro豪华型,2015年,6.8万公里,3.0升,自动,,48.5
别克, GL8 2014款 2.4L 经典版,2016年,2万公里,2.4升,自动,,12.5
大众, 桑塔纳志俊 2006款 2.0L 自动豪华型,2006年,13万公里,2.0升,自动,,0.9
日产, 途乐 2017款 5.6L 标准型,2017年,5.6万公里,5.6升,自动,高配,55.5
兰博基尼, Huracan 2014款 5.2 自动 LP6104 四驱,2019,0.08万公里,5.2升,自动,高配,280
奔驰, GLA级 2015款 GLA 260 4MATIC,2015年,7.7万公里,2.0升,自动,高配,20.5
别克, 君越 2007款 2.4 标准型,2007年,12万公里,2.4升,自动,,1.38
铃木, 天语SX4两厢 2009款 两厢 1.6L 手动运动型,2009年,11万公里,1.6升,手动,,1.85
本田, 奥德赛 2017款 2.4L 至尊福祉版,2017年,3万公里,2.4升,自动,高配,26.9
宝马, 5系 2006款 530i,2006年,16万公里,3.0升,自动,高配,4.7
奥迪, Q3 2015款 30 TFSI 进取型,2015年,5万公里,1.4升,自动,,14.8
起亚, 千里马 2004款 1.6L AT天窗版,2004年,13万公里,1.6升,自动,高配,0.68
大众, 高尔夫 2012款 1.4TSI 自动舒适型,2013年,3.3万公里,1.4升,自动,,7.58
宝沃, BX7 2016款 28T 自动 四驱旗舰版5座,2016年,8.3万公里,2.0升,自动,,10.6
奥迪, A6L 2018款 35 TFSI 典藏版,2018年,1.9万公里,2.0升,自动,,32.6
斯巴鲁, 傲虎 2015款 2.5i 豪华导航版,2015年,8.5万公里,2.5升,自动,,18.60
奥迪, A8L 2009款 A8L 2.8 FSI 标准型,2010年,16.33万公里,2.8升,自动,,15.69
大众, 捷达 2005款 CIF 伙伴,2006年,13万公里,1.6升,手动,,0.65
大众, 迈腾 2013款 2.0TSI 豪华型,2013年,4万公里,2.0升,自动,,12.98
奔驰, GL级 2008款 GL 450 4MATIC尊贵型,2008年,15万公里,4.7升,自动,,18.9
大众, 朗逸 2011款 1.6L 自动品雅版,2010年,7.8万公里,1.6升,自动,,4.68
日产, 途乐 2018款 4.0L 铂金型,2018年,1.5万公里,4.0升,自动,,44.8
铃木, 天语SX4两厢 2006款 1.6 手动,2006年,12万公里,1.6升,手动,,1.2
大众, 朗逸 2008款 1.6L 手动品悠版,2008年,11万公里,1.6升,手动,,1.5
保时捷, Macan 2018款 Macan Macan 2.0T,2019年,0.68万公里,2.0升,自动,,58.98
保时捷, 718 2016款 Boxster 2.0T,2017年,2万公里,2.0升,自动,,58.8
宝马, X5 2014款 xDrive35i 领先型,2014年,5.6万公里,3.0升,自动,,42.58
凯迪拉克, XTS 2018款 XTS 28T 技术型,2018年,1.22万公里,2.0升,自动,,18.08
林肯, MKX 2015款 2.7T 四驱尊耀版,2015年,3.5万公里,2.7升,自动,,24.77
铃木, 北斗星 2005款 1.4L 手动标准型,2007年,10万公里,1.4升,手动,,0.41
铃木, 雨燕 2005款 1.3L,2005年,12万公里,1.5升,手动,,1
奔驰, E级 2007款 E 200K 优雅型,2008年,10万公里,1.8升,自动,,6.25
大众, 途锐 2004款 3.2 手自一体 四驱标配版,2004年,10万公里,3.2升,自动,,6
路虎, 揽胜 2018款 3.0 V6 SC Vogue 传世加长版,2018年,2.48万公里,3.0升,自动,,132.8
大众, 捷达 2007款 CIX 伙伴豪华型,2007年,9.8万公里,1.6升,手动,,1
宾利, 欧陆 2016款 4.0T GT V8 S 标准版,2016年,2.9万公里,4.0升,自动,,172.8
别克, GL8 2013款 2.4L 经典版,2013年,10万公里,2.4升,自动,,8.6
奥迪, S5 2012款 S5 3.0T Sportback,2012年,6.5万公里,3.0升,自动,,20.98
大众, 迈腾 2008款 2.0TSI 自动舒适型,2008年,11万公里,2.0升,自动,,3.8
奥迪, A8L 2008款 A8L 3.2 FSI豪华型,2009年,14万公里,3.2升,自动,,18.3
大众, 高尔夫 2014款 1.4TSI 自动舒适型,2013年,3万公里,1.4升,自动,,8.68
奥迪, A3 2016款 Sportback 35 TFSI 风尚型,2016年,4.9万公里,1.4升,自动,,13.58
雪佛兰, 科鲁兹 2009款 1.6L SE MT,2009年,10万公里,1.6升,手动,,1.7
宝马, 2系 2018款 220i 运动设计套装,2018年,4万公里,1.5升,自动,,16.18
雪佛兰, 景程 2007款 2.0 自动 豪华版,2007年,8万公里,2.0升,自动,高配,1.8
标致, 3008 2015款 2.0L 手动潮流版,2016年,5万公里,2.0升,手动,,6.98
宝马, 2系 2016款 218i 时尚型,2017年,4万公里,1.5升,自动,,14.6
宝马, 4系 2014款 420i Gran Coupe 时尚型,2014年,6万公里,2.0升,自动,,23.58
丰田, 皇冠 1996款 3.0 自动,1996年,19万公里,3.0升,自动,高配,5.8
雪铁龙, 爱丽舍 2006款 1.4 手动,2006年,14万公里,1.4升,手动,,0.45
宝马, 5系 2006款 523Li 豪华型,2006年,9万公里,2.5升,自动,,5.98
奥迪, Q5 2017款 Q5 Plus 40 TFSI 进取型,2018年,2.5万公里,2.0升,自动,,27.98
吉利, 熊猫 2008款 1.3 自动,2008年,8万公里,1.3升,自动,高配,0.7
现代, 伊兰特 2008款 1.6 手动 导航版,2009年,8万公里,1.6升,手动,,1.8
捷豹, FType 2015款 3.0T 自动 V6 S,2015年,8万公里,3.0升,自动,,39.9
丰田, 普拉多 2014款 4.0L 自动TXL,2014年,10万公里,4.0升,自动,,41.0
现代, 伊兰特 2006款 1.6 手动 豪华型,2006年,15万公里,1.6升,手动,,1.3
